striped_clothes	striped clothes
hand_on_own_hip	hand on own hip
see-through_clothes	see-through clothes
upper_teeth_only	upper teeth only
plaid_clothes	plaid clothes
black_hat	black hat
white_hat	white hat
formal_clothes	formal clothes
grabbing_another's_breast	grabbing another's breast
lifting_own_clothes	lifting own clothes
covering_privates	covering privates
vertical-striped_clothes	vertical-striped clothes
swim_ring	swim ring
red_hat	red hat
unworn_headwear	unworn headwear
blue_hat	blue hat
hands_on_own_hips	hands on own hips
mini_person	mini person
breasts_squeezed_together	breasts squeezed together
blue_halo	blue halo
pink_halo	pink halo
unworn_hat	unworn hat
hugging_object	hugging object
holding_unworn_clothes	holding unworn clothes
cum_overflow	cum overflow
nipple_stimulation	nipple stimulation
o_o	o o
covering_own_mouth	covering own mouth
double-parted_bangs	double-parted bangs
reaching_towards_viewer	reaching towards viewer
chibi_only	chibi only
mecha_pilot_suit	mecha pilot suit
ship_turret	ship turret
copyright_notice	copyright notice
brown_hat	brown hat
3d	3d
highleg_one-piece_swimsuit	highleg one-piece swimsuit
red_halo	red halo
pulling_own_clothes	pulling own clothes
green_hat	green hat
stuffed_rabbit	stuffed rabbit
tight_clothes	tight clothes
yellow_halo	yellow halo
lapels	lapels
disembodied_hand	disembodied hand
unworn_eyewear	unworn eyewear
weibo_watermark	weibo watermark
on_one_knee	on one knee
nervous_sweating	nervous sweating
male_penetrated	male penetrated
holding_own_hair	holding own hair
pink_hat	pink hat
spreading_own_pussy	spreading own pussy
headscarf	headscarf
puff_of_air	puff of air
unworn_shoes	unworn shoes
black_sports_bra	black sports bra
same-sex_bathing	same-sex bathing
drink_can	drink can
print_thighhighs	print thighhighs
lower_teeth_only	lower teeth only
floating_earring	floating earring
purple_hat	purple hat
superhero_costume	superhero costume
cube_hair_ornament	cube hair ornament
argyle_clothes	argyle clothes
half_up_braid	half up braid
toned_female	toned female
official_alternate_hair_length	official alternate hair length
0_0	0 0
content_rating	content rating
looking_at_object	looking at object
white_wrist_cuffs	white wrist cuffs
unworn_panties	unworn panties
animal_ear_headphones	animal ear headphones
d:	d:
unworn_skirt	unworn skirt
material_growth	material growth
red_eyeliner	red eyeliner
weibo_logo	weibo logo
mandarin_collar	mandarin collar
cow_print_bikini	cow print bikini
swivel_chair	swivel chair
xd	xd
mouse_(animal)	mouse (animal)
3:	3:
artistic_error	artistic error
two-tone_eyes	two-tone eyes
notched_lapels	notched lapels
holding_removed_eyewear	holding removed eyewear
see-through_cleavage	see-through cleavage
print_pantyhose	print pantyhose
mixed-sex_bathing	mixed-sex bathing
squeans	squeans
on_grass	on grass
heart-shaped_food	heart-shaped food
unworn_clothes	unworn clothes
idol_clothes	idol clothes
unconventional_maid	unconventional maid
carrying_person	carrying person
2000s_(style)	2000s (style)
green_halo	green halo
hasu_no_sora_school_uniform	hasu no sora school uniform
tassel_hair_ornament	tassel hair ornament
diagonal-striped_clothes	diagonal-striped clothes
medium_dress	medium dress
black_mask	black mask
green_gemstone	green gemstone
multiple_moles	multiple moles
grey_hat	grey hat
two-tone_gloves	two-tone gloves
unworn_jacket	unworn jacket
beard_stubble	beard stubble
cable_knit	cable knit
cow_print_thighhighs	cow print thighhighs
gold_earrings	gold earrings
braided_hair_rings	braided hair rings
unworn_mask	unworn mask
animal_ear_piercing	animal ear piercing
cowlick	cowlick
three_quarter_view	three quarter view
bikini_bottom_aside	bikini bottom aside
fox_boy	fox boy
bike_shorts_under_skirt	bike shorts under skirt
median_furrow	median furrow
white_horns	white horns
black_robe	black robe
wing_hair_ornament	wing hair ornament
star_symbol_background	star symbol background
computer_keyboard	computer keyboard
gradient_clothes	gradient clothes
earpiece	earpiece
winged_arms	winged arms
scene_reference	scene reference
holding_drink	holding drink
high-waist_shorts	high-waist shorts
grey_halo	grey halo
sidelighting	sidelighting
pink_pupils	pink pupils
wolf_boy	wolf boy
black_corset	black corset
blue_overalls	blue overalls
animal_ear_hairband	animal ear hairband
turning_head	turning head
one-piece_swimsuit_pull	one-piece swimsuit pull
blowing_bubbles	blowing bubbles
o-ring_choker	o-ring choker
goth_fashion	goth fashion
black_halo	black halo
dragon_boy	dragon boy
reference_inset	reference inset
sitting_on_throne	sitting on throne
floating_clothes	floating clothes
2023	2023
assault_visor	assault visor
dragon_print	dragon print
diamond_button	diamond button
american_flag_print	american flag print
white_veil	white veil
2022	2022
teamwork_(sexual)	teamwork (sexual)
grid_background	grid background
eye_mask	eye mask
red_armband	red armband
text_background	text background
loose_hair_strand	loose hair strand
flower_wreath	flower wreath
ancient_egyptian	ancient egyptian
yellow_pupils	yellow pupils
okobo	okobo
aqua_bowtie	aqua bowtie
grey_socks	grey socks
blue_fur	blue fur
pom_pom_hair_ornament	pom pom hair ornament
biting_own_lip	biting own lip
in-franchise_crossover	in-franchise crossover
non-humanoid_robot	non-humanoid robot
small_horns	small horns
yellow_cardigan	yellow cardigan
very_sweaty	very sweaty
cow_print_gloves	cow print gloves
diagonal-striped_necktie	diagonal-striped necktie
gloved_handjob	gloved handjob
brown_horns	brown horns
bikini_top_lift	bikini top lift
4-finger_heart_hands	4-finger heart hands
collared_coat	collared coat
holding_leash	holding leash
pawpads	pawpads
frilled_one-piece_swimsuit	frilled one-piece swimsuit
rabbit_pose	rabbit pose
yellow_hat	yellow hat
two-sided_cape	two-sided cape
2021	2021
inverted_bob	inverted bob
single_ear_cover	single ear cover
hand_on_another's_thigh	hand on another's thigh
unworn_bra	unworn bra
twitter_logo	twitter logo
sleeveless_sweater	sleeveless sweater